smiles,label
O=C(O)c1ccc2nc(-c3cc(Cl)cc(Cl)c3)oc2c1,0
CCC1C(=O)OCC1Cc1cncn1C,0
CC1=CC2C(CC1OC1OC(CO)C(O)C(O)C1O)C(C)CC(=O)C2C(C)C,0
O=C1C(OC2OC(CO)C(O)C(O)C2O)Oc2ccccc2N1O,0
Cc1cnc(CNC(=O)c2c(=O)c3ccc(N4CCCN(C)CC4)nc3n3c2sc2ccccc23)cn1,0
CC(C)Cc1ccc(CC(=O)O)cc1,0
COc1cc(C2c3cc4c(cc3C(O)C3COC(=O)C23)OCO4)cc(OC)c1OC,0
CN(C)C1C(O)=C(C(N)=O)C(=O)C2(O)C(O)=C3C(=O)c4c(O)cccc4C(C)(O)C3C(O)C12,0
CN(C)CCOC(c1ccc(Cl)cc1)c1ccccn1.O=C(O)C=CC(=O)O,0
CCCc1cc(C)[nH]c(=O)c1CNC(=O)c1cc(-c2ccnc(N3CCN(C)CC3)c2)cc2c1cnn2C(C)C,0
COc1c(C(C)C)c(O)c(O)c2c1C(OC)C1OC(=O)C23CCCC(C)(C)C13,0
CC1CC(C)CN(CCC(=O)Nc2ccc(Br)cc2)C1,0
CC(=O)OC1C(=O)C2(C)C(O)CC3OCC3(OC(C)=O)C2C(OC(=O)c2ccccc2)C2(O)CC(O)C(C)=C1C2(C)C,0
CCOc1ccccc1C(N)=O,0
CC1(C)Oc2ncnc(N)c2N=C1c1ccc(C23CCC(CC(=O)O)(CC2)CC3)cc1,0
CNCC(O)c1cccc(O)c1.Cl,0
Nc1ncnc2c1ncn2CCOCP(=O)(O)O,0
CC1CC2C3CCC4=CC(=O)C=CC4(C)C3C(=O)CC2(C)C1(O)C(=O)CO,0
O=C(N1CCCCC1Cc1ccccc1)n1cc(-c2ccc(-c3ccccc3)cc2)nn1,0
O=C1OCCN1N=Cc1ccc([N+](=O)[O-])o1,0
CC(=O)OC1C(CO)OC(CO)(OC2OC(COC(=O)C=Cc3ccccc3)C(O)C(O)C2O)C1O,0
COc1cc(C(=O)OCC2OC(Oc3ccccc3C=CC(=O)O)C(O)C(O)C2O)cc(OC)c1OC,0
Cc1cnc(C(=O)NC2CCCCCC=CC3CC3(C(=O)N[S+](=O)([O-])C3CC3)NC(=O)C3CC(Oc4nc5ccccc5c5ccccc45)CN3C2=O)cn1,0
CC(=O)N1CCc2ccc(N(C(=O)C=Cc3cccc(C#N)c3)C3CCN(CCC4CCCC4)CC3)cc21,0
Fc1ccc(-c2nc(-c3ccccc3F)[nH]c2-c2ccncc2)cc1,0
CC1OC(OC2C(O)CC3(C)C(C(O)CC4(C)C3CC=C3C5CC(C)(C)CCC5(C(=O)OC5OC(CO)C(O)C(O)C5OC5OCC(OC6OCC(OC7OCC(O)C(O)C7O)C(O)C6O)C(OC6OCC(O)(CO)C6O)C5O)CCC34C)C2(C)CO)C(O)C(O)C1O,0
COc1cc(C(=O)NCc2ccc(OCCN(C)C)cc2)cc(OC)c1OC,0
CC1(CCOC2OC(CO)C(O)C(O)C2O)CCC23OC2(C1)C(O)CC1C(C)(C(=O)O)CCCC13C,0
CNCCCC12CCC(c3ccccc31)c1ccccc12,1
NC1Nc2ccccc2C1(N)CC1NC(=O)C(Cc2ccccc2)NC(=O)C(Cc2ccccc2)NC1=O,0
CNC(C)Cc1ccccc1OC,0
CC12CCC3c4ccc(O)cc4CCC3C1CC(O)C2O,0
CCC(C)C1NC(=O)C2CCCN2C(=O)C(CC(O)CO)OC(=O)CCNC(=O)C(C)N(C)C(=O)C(C(C)C)N(C)C1=O,0
CC1CCC23COC(=O)C2=CC(O)CC3C1(C)CCC1=CC(O)OC1=O,0
O=C(OCC(O)COC1OC(C(=O)O)C(O)C(O)C1O)c1ccccc1,0
COc1c(N2CCNC(C)C2)c(F)cc2c(=O)c(C(=O)O)cn(C3CC3)c12,0
CC(C)c1noc(N2CCC(COc3ccc(-c4ccc([S+](C)(=O)[O-])cc4)nc3)CC2)n1,0
Cc1cc(C)c(CN=C(O)c2cc(-c3ccc(N4CCN(C)CC4)nc3)cc3c2c(C)cn3C(C)C)c(O)n1,1
COC(=O)C1(C)CCC2(C(=O)O)CCC3(C)C(=CCC4C5(C)CC(O)C(OC6OCC(O)C(O)C6O)C(C)(CO)C5CCC43C)C2C1,0
COC(COC(N)=O)C1=C(N2CC2)C(=O)C(C)=C(N2CC2)C1=O,0
Cc1cc(C)c(NC(=O)N(Cc2ccc3c(c2)Cc2ccccc2-3)C2CCCCCC2)c(C)c1,0
CC(C)n1cc(-c2ccc3c(c2)N(C)CC3)c2c(N[S+](=O)([O-])c3ccn(C)n3)ccnc21,0
C=C1CCC2C(C)(COC3OC(CO)C(O)C(O)C3O)C(O)CCC2(C)C1CC=C1C(=O)OCC1O,0
O=C(O)C(O)C(O)C(=O)O,0
C[n+]1cc2c3c(ccc2c2ccc4cc5c(cc4c21)OCO5)OCO3,0
NC(=O)c1ccc2nc(-c3ccc(C4(N)CCC4)cc3)c(-c3ccccc3)n2n1,0
COC(=O)NC(C(=O)N1CC2(CC2)CC1c1ncc(-c2ccc3c(c2)C(F)(F)c2cc(-c4ccc5nc(C6C7CCC(C7)N6C(=O)C(NC(=O)OC)C(C)C)[nH]c5c4)ccc2-3)[nH]1)C(C)C,0
O=C(C=Cc1ccc(O)c(O)c1)OC1C(OC2CCCCC2O)OC(CO)C(O)C1O,0
COc1c(OC2OC(CO)C(O)C(O)C2O)c(CCC(=O)O)cc2ccoc12,0
CC(=O)Nc1nnc(S(N)(=O)=O)s1,0
CCC1OC(=O)C(C)(F)C(=O)C(C)C(OC2OC(C)CC(N(C)C)C2O)C(C)(OC)CC(C)C(=O)C(C)C2N(CCCCn3cc(-c4cccc(N)c4)nn3)C(=O)OC12C,0
COc1cc(C)c(C(=O)Oc2cc(C)c(C(=O)Oc3cc(C)c(C(=O)NC(C)C(=O)O)c(O)c3)c(OC3OC(CO)C(O)C(O)C3OC(C)=O)c2)c(OC)c1,0
Brc1c(NC2=NCCN2)ccc2nccnc12,0
CC1=CCCC(C)CCOC2OC(COC3OCC(O)(COC1=O)C3O)C(O)C(O)C2O,0
C=C1C(=O)OC2CC(COC(=O)C(C)C)=C(C(C)CCCOC(C)=O)C(OC(C)=O)C12,0
COc1cc(-c2oc3cc(O)cc(O)c3c(=O)c2O)ccc1O,0
CCOc1nc2cccc(C(=O)OC(C)OC(=O)OC3CCCCC3)c2n1Cc1ccc(-c2ccccc2-c2nnn[nH]2)cc1,0
COc1cc(O)c2c(c1Cl)CC(C)OC2=O,0
COc1ccc(N2CCN(C(=O)c3cc4c(s3)-c3ccccc3[S+](=O)([O-])C4)CC2)cc1,0
O=c1cc(-c2cccc(O)c2)oc2c(O)c(O)ccc12,0
C=C1C(OC2OCC(O)C(O)C2O)CC2C(C)(C)C(O)CCC2(C)C1CCC(C)=CCO,0
CCC(C)C=C(C)C=CC1=CC2=C(Cl)C(=O)C(C)(OC(C)=O)C(=O)C2=CN1C(CCC(=O)O)C(=O)O,0
CC(=O)Nc1cc([As](=O)(O)O)ccc1O,0
CC(=O)OCC1OC(n2cnc(N)nc2=O)C(OC(C)=O)C1OC(C)=O,0
COc1ccc(-c2c(-c3ccc(O)cc3O)n[nH]c2C)cc1,0
CCOC(=O)Nc1ccc(NCc2c(C)cc(C)cc2C)cc1N,0
O=S1(=O)OC(c2ccc(O)cc2)(c2ccc(O)cc2)c2ccccc21,0
CCCNCC(O)COc1ccccc1C(=O)CCc1ccccc1,0
COc1c(C)c(OCC(O)C(C)(C)O)cc2c1COC2=O,0
Cc1ccc(N[S+](=O)([O-])c2ccc3c(c2)CCC(=O)N3)cc1C,0
CC1CCC2(OC1)OC1CC3C4CCC5CC(O)CCC5(C)C4=CC(=O)C3(C)C1C2C,0
COc1ccc(CCN2CCC(Nc3nc4ccccc4n3Cc3ccc(F)cc3)CC2)cc1,0
CC(C)NCC(O)COc1ccc(COCCOC(C)C)cc1.CC(C)NCC(O)COc1ccc(COCCOC(C)C)cc1.O=C(O)C=CC(=O)O,0
CN(C)CCOC1=Cc2ccccc2Sc2ccc(Cl)cc21,0
C=C(COC1OC(COC2OCC(O)(CO)C2O)C(O)C(O)C1O)C1Cc2cc(C(C)=O)ccc2O1,0
CCC(O)C(C)C1CCC(C(C)C(=O)O)O1,0
CCn1cc(C(=O)O)c(=O)c2cc(F)c(N3CCN(C)CC3)cc21,0
CC(C)CC(=O)OC1OC=C(COC2OC(CO)C(O)C(O)C2O)C2CC(O)C(O)(CO)C12,0
CCOc1ccc(CC2NC(=O)CCSSCC(C(=O)N3CCCC3C(=O)NC(CCCN)C(=O)NCC(N)=O)NC(=O)C(CC(N)=O)NC(=O)C(C(C)O)NC(=O)C(C(C)CC)NC2=O)cc1,0
CC1CN(C2CCC(C#N)(c3ccc(F)cc3)CC2)CCC1(C(=O)O)c1ccccc1.Cl,0
CC(C)=CCCC1(C)C=CC(OC(=O)C=C(C)C)C(C)(O)C=CC(=O)C(CO)=CC1,0
CC(=O)Oc1ccc(C(c2ccc(OC(C)=O)cc2)c2ccccn2)cc1,0
COc1cc(C=Cc2cn(-c3ccc(C(=O)[O-])cc3)nc2C=Cc2ccc(O)c(OC)c2)ccc1O,0
COc1ccc(C=Cc2cc(OC)c(OC)c(OC)c2)cc1NC(=O)C(N)CO,0
CC[N+](CC)(CC)CCOc1cccc(OCC[N+](CC)(CC)CC)c1OCC[N+](CC)(CC)CC,0
CCN1CCC(n2cc(CNc3cc(Cl)c4ncc(C#N)c(Nc5ccc(F)c(Cl)c5)c4c3)nn2)CC1,0
CN1C(=O)COc2c(C(=O)NC3CN4CCC3CC4)cc(Cl)cc21,0
CC(=O)OC1CC2(C)C(CCC(C)C23Cc2c(O)cc4c(c2O3)CNC4=O)C(C)(C)C1O,0
O=c1cc(-c2ccccc2)oc2ccc(O)cc12,0
CC1(CO)CC(O)C2(C)CCC3(C)C(=CCC4C5(C=O)CCC(OC6OC(C(=O)O)C(O)C(O)C6OC6OC(C(=O)O)C(O)C(O)C6O)C(C)(C)C5CCC43C)C2C1,0
COCC(=O)NCC=Cc1ccc2ncnc(Nc3ccc(Oc4ccc(C)nc4)c(C)c3)c2c1,0
CCCCCCCOc1cc2c(cc1C(C)=Cc1ccc(C(=O)O)cc1)C(C)(C)CC[S+]2(=O)[O-],0
COc1cc2ncn(-c3cc(OCc4ccccc4[S+](C)(=O)[O-])c(C#N)s3)c2cc1OC,0
NCC1OC(OC2C(N)CC(N)C(OC3OC(CO)C(O)C(N)C3O)C2O)C(O)C(O)C1O,0
Cc1cnc(C(=O)NCCc2ccc([S+](=O)([O-])NC(=O)NC3CCCCC3)cc2)cn1,0
CCOc1cc2ncc(C#N)c(Nc3ccc(F)c(Cl)c3)c2cc1NC(=O)C=CCN(C)C,0
Cc1cc(C=c2sc3nc4ccccc4n3c2=O)c(C)n1-c1ccccc1,0
O=C(Nc1ccncc1)C(=O)c1cn(Cc2ccc(Cl)cc2)c2ccccc12,0
C=CC1CC1(NC(=O)C1CC(Oc2ncc(OC)c3ccc(Cl)cc23)CN1C(=O)C(NC(=O)OC(C)(C)C)C(C)(C)C)C(=O)N[S+](=O)([O-])C1CC1,0
CC(C)C(=O)OC1C2C(CC(C)C3C=CC(=O)C31C)OC(=O)C2C,1
CCCCc1ccc(C(=O)Nc2cc(-c3ccc(Cl)cc3)nn2-c2ccc(Cl)cc2)cc1,0
CCCCCCCCCCCC(=O)OCC(O)CO,0
C1CCCC2CCCN3CCC(CCCCCCC4CCCN5CCC(CC1)OC45)OC23,0
CC(O)C=CC1OC(=O)CC1Nc1ccc(C(=O)O)cc1,0
Cc1cc(C(C)(C)C)c(O)c(C)c1CC1=NCCN1,0
OCC1(O)COC(OCC2OC(OCCc3ccccc3)C(O)C(O)C2O)C1O,0
Nc1ccn(C2CSC(CO)O2)c(=O)n1,0
COC(=O)C1=COC(OC2OC(CO)C(O)C(O)C2O)C2C1C(OC(=O)CCc1ccc(O)cc1)CC2(C)O,0
Fc1ccc(C(c2ccc(F)cc2)N2CCNCC2)cc1,0
CC(=O)NC(Cc1ccc(O)cc1)C(=O)NC(CCCNC(=N)N)C(=O)NC(Cc1ccccc1)C(N)=O,0
CCN(CC)CCCCNc1ncc2cc(-c3c(Cl)cccc3Cl)c(NC(=O)NC(C)(C)C)nc2n1,1
CN(C)C1C(O)=C(C(N)=O)C(=O)C2(O)C(O)=C3C(=O)c4c(O)ccc(Cl)c4C(O)C3CC12.Cl,0
CC(=CCCC1(C)C2CC3C(C2)C31C)C(=O)O,0
CCCCOc1ccc(CCC=C2SC(=O)N(CCN)C2=O)cc1,0
CCC(C)C1NC(=O)C(Cc2ccc(O)cc2)NC(=O)C(N)CSSCC(C(=O)N2CCCC2C(=O)NC(CC(C)C)C(=O)NCC(N)=O)NC(=O)C(CC(N)=O)NC(=O)C(CCC(N)=O)NC1=O,0
CSc1ccc(C(=O)NC2CCCCC2NC(=O)CNC(=O)c2cc(C(F)(F)F)ccc2NC(=O)NC(C)C)cc1,0
N[S+](=O)([O-])OCC1CC(n2ccc3c(NC4CCc5ccccc54)ncnc32)CC1O,0
COc1ccc(N2CCOCC2)c2sc(NC(=O)N3CCC(C)(O)CC3)nc12,0
O=C(C=Cc1cccnc1)NCCCCC1CCN(C(=O)c2ccccc2)CC1,0
Nc1c(Br)cc(Br)cc1CNC1CCC(O)CC1,0
COC1CC(OC2CCC3(C=O)C4CCC5(C)C(C6=CC(=O)OC6)CCC5(O)C4CCC3(O)C2)OC(C)C1O,0
C=C1CC23CCC4C(C)(C(=O)O)CCCC4(C)C2CCC1C3,0
CCCN1CC(N[S+](=O)([O-])N(CC)CC)CC2Cc3c(O)cccc3CC21,0
Oc1cc(CNC(=S)C=Cc2cc(O)c(O)c(Br)c2)cc(O)c1O,0
Cn1nc(C(C)(C)C)cc1C(=O)NC(Cc1cccc(Cl)c1)C(=O)NCC#N,1
COc1ccc(C(=O)c2c(C)n(CCN3CCOCC3)c3ccccc23)cc1,0
COC(=O)C1(Cc2ccc(O)c(CC=C(C)C)c2)OC(=O)C(O)=C1c1ccc(O)cc1,0
CC1(C)OC2CC3C4CCC5=CC(=O)CCC5(C)C4(F)C(O)CC3(C)C2(C(=O)CCl)O1,0
Cc1cn2cc(C(=O)N(C)CCO)cc(NC3CCOc4cccc(C)c43)c2n1,0
O=[S+]([O-])(CC1CS1)c1ccc(Oc2ccccc2)cc1,0
CNCc1ccc(C)c(NC(=O)c2ccc(Nc3nc(-c4ccccc4)c4ccccc4n3)cc2)c1,0
C[N+]12CCCCC1CCC(=C(c1cccs1)c1cccs1)C2.[Br-],0
COC(=O)C1=C(C)NC(C)=C(C(=O)OC(C)C)C1c1cccc2nonc12,0
CC1CC(=O)C2(O)C(C(=O)OCCc3ccc(O)cc3)=COC(OC3OC(CO)C(O)C(O)C3O)C12,0
Cc1[nH]c2ccc(F)cc2c1-c1nc2c3cccnc3c3ncccc3c2[nH]1,1
CC(C)c1cccc(C(C)C)c1NC(=O)Nc1ccc(Sc2ccc([N+](=O)[O-])cc2)cc1,0
COC1CCC(OCC2(COC(=O)c3ccc(C)[nH]3)C(OC(C)=O)CCC3(C)C4CC=C(C)C(C5=C(O)C(=O)OC5O)C4(C)CCC32)OC1C,0
CC12CCC3C(CCC4CC(O)CCC43C)C1CCC2=O,0
O=C(Nc1ccc(CN2CCOCC2)cc1)c1ccc(-c2cccc(Cl)c2)o1,0
C[S+](=O)([O-])OCCCCO[S+](C)(=O)[O-],0
COC1C=CC=CC=CCC(OC(=O)C(C)NC(=O)C2CCCCC2)C(C)C(O)C(C)=CCCc2cc(O)cc(c2)NC(=O)C1,0
CC=Cc1cc(OC)c2c(c1)C(C)C(c1ccc(O)c(OC)c1)O2,0
COC1C(CO)OC(n2c3c(Cl)cccc3c3c4c(c5c6cccc(Cl)c6[nH]c5c32)C(=O)NC4=O)C(O)C1O,0
CCCCCCCCCCCCCCCCCC(=O)OCC(O)CO,0
COC1=CC(=O)CC(C)C12Oc1c(Cl)c(OC)cc(OC)c1C2=O,0
c1ccc(CNc2nc(N3CCOc4ccccc43)nc3c2CCCC3)cc1,0
CC(C)CC(NC(=O)CNC(=O)C(Cc1ccc(O)cc1)NC(=O)C(CO)NC(=O)C(Cc1c[nH]c2ccccc12)NC(=O)C(Cc1cnc[nH]1)NC(=O)C1CCC(=O)N1)C(=O)NC(CCCN=C(N)N)C(=O)N1CCCC1C(=O)NCC(N)=O,0
CC=C(C)C(=O)OC1C(OC(=O)C(C)=CC)C23C(O)CC4(C)C5(C)CCC6C(C)(C)C(OC7OC(C(=O)O)C(O)C(OC8OC(CO)C(O)C(O)C8OC8OC(C)C(O)C(O)C8OC8OCC(O)C(O)C8O)C7OC7OC(CO)C(O)C(O)C7O)CCC6(C)C5CCC4(OC2O)C3CC1(C)C,0
COC(=O)C1(C)CCC2(C)CCC3(C)C4=CC=C5C(=CC(=O)C(O)=C5C)C4(C)CCC3(C)C2C1,1
CCN(CC)CCOCCOC(=O)C(CC)(CC)c1ccccc1,0
CC1(CO)CCCC2(C)C3COC(=O)C3=CC(O)C12,0
CC(C(O)c1ccccc1)N(C)C,0
C=CCC1C=C(C)CC(C)CC(OC)C2OC(O)(C(=O)C(=O)N3CCCCC3C(=O)OC(C(C)=CC3CCC(O)C(OC)C3)C(C)C(O)CC1=O)C(C)CC2OC,0
NC(=O)CCCSc1nc(N)nc(-c2c(Cl)cc3c4c(cccc24)COC3)n1,0
C=C(C(=O)OC1CC(C)=CCCC(CO)=CC2OC(=O)C(=C)C21)C(O)CO,0
Cc1cc2nc3c(=O)[nH]c(=O)nc-3n(CC(O)C(O)C(O)COP(=O)([O-])OP(=O)([O-])OCC3OC(n4cnc5c(N)ncnc54)C(O)C3O)c2cc1C.O.[Na+].[Na+],0
COC(=O)CC(O)CC(O)C=Cc1c(C)ccc2c1C(OC(C)=O)CC(C)C2,0
COc1cc(Nc2c(C#N)cnc3cc(OCCCN4CCN(C)CC4)c(OC)cc23)c(Cl)cc1Cl,0
NC(Cc1ccc([N+]([O-])(CCCl)CCCl)cc1)C(=O)O,0
CCOc1c2c(c(OCC)c3ccccc13)C(=O)N(c1ccc(CC(=O)N[S+](=O)([O-])c3ccccc3)cc1)C2,0
COC(=O)N(C)Cc1cccc(N2CCN(C(c3ccccc3)c3ccccc3)CC2)c1,0
CC=C(C)C(=O)OC1C(C)C2(O)C(C=C(CO)CC3(O)C(=O)C(C)=CC32)C2C(C)(C)C12OC(C)=O,0
CC(C)n1nc(-c2cc3cc(O)ccc3[nH]2)c2c(N)ncnc21,0
NC(=NC(=O)c1nc(Cl)c(N)nc1N)NCc1ccccc1,0
COc1cc2nc(N3CCN(C(=O)C4COc5ccccc5O4)CC3)nc(N)c2cc1OC.CS(=O)(=O)O,0
COc1ccc(-c2nc(-c3ccc(-c4cccc(Cl)c4)o3)[nH]c2-c2ccc(OC)cc2)cc1,0
CNc1ccc([N+](=O)[O-])cc1-n1cnc(-c2ccc(C(F)(F)F)cc2)c1,0
CC(=O)c1c(C)cc2cccc(O)c2c1OC1OC(CO)C(O)C(O)C1O,0
O=c1ccc2ccc3occc3c2o1,0
CC=CC1=CC2=C(CO1)C(=O)C(C)(OC(=O)c1c(C)cc(O)cc1OC)C(O)C2,0
CC1OC(OCC2OC(OCCc3ccccc3)C(O)C(O)C2O)C(O)C(O)C1O,0
CCC1(O)C(=O)OCc2c1cc1n(c2=O)Cc2c-1nc1ccccc1c2C=NOC(C)(C)C,0
O=C1CCc2cc([S+](=O)([O-])Nc3cccc(Cl)c3)ccc2N1,0
CC(C)C(=O)SCCCCCCC(=O)Nc1nc(-c2ccccc2)cs1,0
CN1c2ccccc2C(=O)N2CCc3c([nH]c4ccccc34)C21,0
COC(=O)C1=COC(OC2OC(CO)C(O)C(O)C2O)C2C1C=CC21C=C(C(C)OC(=O)C=Cc2ccc(OC3OC(CO)C(O)C(O)C3O)cc2)C(=O)O1,0
C=C1CCC2C(C)(CO)C(O)CCC2(C)C1CCC1=CCOC1=O,0
CN(C)c1ccc(NC(=O)N[S+](=O)([O-])c2ccc(Cl)cc2)cc1,0
Cc1c(CN2CCC(Nc3ncnc4sc(CC(F)(F)F)cc34)CC2)ccc2c1cc(C#N)n2Cc1cn[nH]c1,0
CNC(=O)c1ccc(Nc2ncc(C(F)(F)F)c(NCc3nccnc3N(C)[S+](C)(=O)[O-])n2)cc1,0
COC1=CC(c2cc3ccccc3[nH]2)=NC1=Cc1[nH]c(C)cc1C,1
CC=Cc1ccc(O)c(OC)c1,0
C=C1C(=CC=C2CCCC3(C)C2CCC3C(C)CCCC(O)(C(F)(F)F)C(F)(F)F)CC(O)CC1O,0
O=c1cc(N2CCOCC2)oc2c(-c3ccccc3)cccc12,0
Cc1nc(CNc2ncnc3ccc(-c4ccc5c(c4)OCO5)cc23)cs1,0
COC1CC(OC2CCC3(C)C(CCC45CCC(C6=CC(=O)OC6)C(C)(CCC43)C5=O)C2)OC(C)C1OC1OC(COC2OC(CO)C(O)C(O)C2O)C(O)C(O)C1O,0
COC(=O)C1C(CC(C)=O)C=CC(O)C12Oc1cc(C)cc(O)c1C2=O,0
CC1OC(OC2CCC3(C)C(CCC4C3CCC3(C)C(C5=CC(=O)OC5)CCC43O)C2)C(O)C(O)C1O,0
CC(C)=CCCC(C)(OC1OC(CO)C(O)C(O)C1O)C1CCC2(C)C1C(O)CC1C3(C)CCC(O)C(C)(C)C3C(OC3OC(CO)C(O)C(O)C3OC3OC(C)C(O)C(O)C3O)CC12C,0
CC(C)(C)C1N=C(O)OC2CCCC2OCC=CC(F)(F)c2nc3ccccc3nc2OC2CC(C(O)=NC3(C(O)=N[S+](=O)([O-])C4(C)CC4)CC3C(F)F)N(C2)C1=O,0
CCCSSC(CCO)=C(C)N(C=O)Cc1cnc(C)nc1N,0
Cn1cncc1C(N)(c1ccc(Cl)cc1)c1ccc2c(c1)c(-c1cccc(Cl)c1)cc(=O)n2C,0
CC1(C)CCC2(C(=O)OC3OC(CO)C(O)C(O)C3O)CCC3(C)C(=CCC4C5(C)CCC(OC6OC(C(=O)O)C(O)C(O)C6O)C(CO)(CO)C5CCC43C)C2C1,0
CCc1nc(-c2cccc(C)c2)c(-c2ccnc(NC(=O)c3ccccc3)c2)s1,0
Cc1ccc(C=NNC(=O)c2ccccc2Oc2ccccc2)o1,0
Oc1nc(-c2ccc(C(F)(F)F)cc2)nc2c1CSCC2,0
COc1ccc(C(=O)Nc2sc3c(c2C(N)=O)CCCC3)cc1OC,0
COc1c(O)cc2oc3cc(O)c(CC=C(C)C)c(O)c3c(=O)c2c1CC=C(C)C,1
O=C(Nc1cccnn1)N1CCC(=Cc2cccc(Oc3ccc(C(F)(F)F)cn3)c2)CC1,0
COC(=O)C(Cc1cccc(C(=N)N)c1)C(C)NC(=O)c1ccc(-c2cc[n+]([O-])cc2)cc1,0
OC(CC1c2ccccc2-c2cncn21)C1CCCCC1,0
CN(C)CCOc1ccccc1Cc1ccccc1.O=C(O)CC(O)(CC(=O)O)C(=O)O,0
CC1OC(OC2C(O)COC(OC3C(C)OC(OC4C(OC(=O)C56CCC(C)(C)CC5C5=CCC7C8(C)CC(O)C(OC9OC(C(=O)O)C(O)C(O)C9O)C(C)(CO)C8C(O)CC7(C)C5(C)CC6)OCC(O)C4O)C(O)C3O)C2O)C(O)C(O)C1O,0
CC(=O)OC1(C(C)=O)CCC2C3CC(C)C4=CC(=O)CCC4(C)C3CCC21C,0
CCCCN1C2CCC1CC(OC(c1ccc(F)cc1)c1ccc(F)cc1)C2,1
C=C1C(=O)OC2C=C(C)CCC=C(C)CCC12,0
COc1cc(Nc2cnc(C#N)c(OC(C)CN(C)C)n2)ncc1-c1cnn(C)c1,0
CC=CC=Cc1cc2c(C=O)c(O)c(CC=C(C)C)cc2o1,0
O=C(CCCN1CC=C(n2c(=O)[nH]c3ccccc32)CC1)c1ccc(F)cc1,0
CC(C)c1onc(-c2c(Cl)cccc2Cl)c1COc1ccc(C=Cc2cccc(C(=O)O)c2)c(Cl)c1,0
CC(C)c1nc(-c2ccc(NC(=O)Nc3cccc(C(F)(F)F)c3)c3ccccc23)c2c(N)nccn12,0
O=C(c1ccccc1)C(O)c1ccccc1,0
Nc1ccc2cc3ccc(N)cc3nc2c1.Nc1ccc2cc3ccc(N)cc3nc2c1.O=S(=O)(O)O,0
CCC=CCC=CCC=CCC=CCC=CCCCC(=O)O,0
CN1CCN(C(=O)c2ccc3cc(CCNc4ncnc5ccc(C#N)cc45)ccc3c2)CC1,0
O=C(Cc1ccccc1)Nc1nnc(NC2CCN(c3nnc(NC(=O)Cc4ccccc4)s3)CC2)s1,0
O=c1[nH]cnc2c1ncn2C1OC(CO)C(O)C1O,0
C=CC(N)CCC(=O)O,0
N#Cc1ccc(C(c2ccc(C#N)cc2)n2cncn2)cc1,0
CC(=CCCC(C)=CCCC1(C)CCc2cc(O)cc(C)c2O1)CCC=C(C)C(=O)O,0
O=C(OCC1OC(Oc2ccc(O)cc2COC(=O)C2(O)C(O)CCC(=O)C2OC(=O)C2C=CCC2)C(OC(=O)C2C=CCC2)C(O)C1O)C1C=CCC1,0
CC1CCC2(C)C3(C)CCC2(OC3=O)C12CC(c1ccoc1)OC2=O,0
CC(=O)OC(C)(C)C=CC(=O)C(C)(O)C1C(O)CC2(C)C3CC=C4C(C=C(OC5OC(CO)C(O)C(O)C5O)C(=O)C4(C)C)C3(C)C(=O)CC12C,0
C=C1C(=CC=C2CCCC3(C)C2CCC3C(C)CCC(O)C(C)(C)O)CC(O)CC1O,0
CC1CCC2(C(=O)O)CCC3(C)C(=CCC4C5(C)C(O)C(O)C(O)C(C)(C)C5CCC43C)C2C1(C)O,0
CC1OC(OCC2OC(Oc3cc(O)cc4c3C(=O)C(O)(Cc3ccc(O)cc3)O4)C(O)C(O)C2O)C(O)C(O)C1O,0
COc1cc(OC)cc(C(=O)Nc2ccc(Cl)c(-c3nc4ccc(N(C)C)cc4[nH]3)c2)c1,0
C=CCC1=CC2(OC)C(C)C(c3ccc(OC)c(OC)c3)OC2(OC)CC1=O,0
Fc1cc(I)ccc1Nc1c(-c2nnc(NCCN3CCOCC3)o2)ccc(F)c1F,0
CN1C(=O)N(c2ccc(C#N)c(C(F)(F)F)c2)C(=O)C1(CO)c1ccccc1,0
CC1CN(c2c(F)c(N)c3c(=O)c(C(=O)O)cn(C4CC4)c3c2F)CC(C)N1,0
COc1c(C)c(OCC=C(C)C)cc2c1C(=O)NC2=O,0
CC1(C)C2CCC1(C)C(OC(=O)C(O)(CC(=O)O)CC(=O)O)C2,0
CNC(=O)c1ccc2c(c1)NC(=O)C2=C(Nc1cccc(CN(C)C)c1)c1ccccc1,0
C=C(C)C1CCC2(C(=O)OC3OC(COC4OC(CO)C(O)C(O)C4O)C(OC4OC(C)C(O)C(O)C4O)C(O)C3O)CCC3(C(=O)O)C(CCC4C5(C)CCC(=O)C(C)(C)C5CCC43C)C12,0
CC(C=CC1CC1(C)c1ccc2c(c1)C(C)(C)CCC2(C)C)=CC(=O)O,1
CC1(C(=O)O)CCCC2(C)C1CCC13CC(CCC21)C1(CO)OC31,0
CC(C)C(N)C(=O)OCC(CO)OCN1C=NC2C(=O)NC(N)=NC21,0
C=C1OC2CC(C(=O)O)C=CC2NC1=O,0
CN(C)CCCN1c2ccccc2CCc2ccccc21,1
CC(=O)OC1(C(C)=O)CCC2C3CCC4=CC(=O)CCC4=C3C(c3ccc(N(C)C)cc3)CC21C,0
CC(C)(C)NCC(O)COc1cccc2c1CC(O)C(O)C2,0
CCCC(=O)C1CCN(c2ncnc3c2CN(C(=O)c2ccc(-c4ccccc4)cc2)CC3)CC1,0
CC1(C)C2CCC(COC3OC(COC4OCC(O)(CO)C4O)C(O)C(O)C3O)C1C2,0
CCC(C=CC1OC(=O)C=CC1C)=CC(C)CC=CC(C)=CC(C)C(=O)C(C)C(O)C(C)CC(C)=CC(=O)O,0
CCNC1CC(N)C(OC2OC(CN)=CCC2N)C(O)C1OC1OCC(C)(O)C(NC)C1O.CCNC1CC(N)C(OC2OC(CN)=CCC2N)C(O)C1OC1OCC(C)(O)C(NC)C1O.O=S(=O)(O)O.O=S(=O)(O)O.O=S(=O)(O)O.O=S(=O)(O)O.O=S(=O)(O)O,0
Oc1cccc(C2=C3C=CC(=N3)C(c3cccc(O)c3)=C3C=CC(=N3)C(c3cccc(O)c3)=C3CCC(=N3)C(c3cccc(O)c3)=C3C=CC2=N3)c1,0
NCC[S+](=O)([O-])O,0
CC1=CC(=O)CC(C)(C)C1COC1OC(CO)C(O)C(O)C1O,0
CCCCN(CC)c1nc(C)nc2c1c(C)cn2-c1c(C)cc(C)cc1C,0
CCC1(O)CC2CN(CCc3c([nH]c4ccccc34)C(C(=O)OC)(c3cc4c(cc3OC)N(C)C3C(O)(C(N)=O)C(O)C5(CC)C=CCN6CCC43C65)C2)C1,0
CC(C)CC(NC(=O)C(O)C(N)Cc1ccccc1)C(=O)O,0
C=C(C)C1Cc2c(ccc3c2OCC(c2ccc(O)cc2O)C3)O1,0
CC(O)COc1ccccc1,0
Cc1nc2sc(C(=O)NCc3ccncc3)c(N)c2c(C)c1Cl,0
COC(=O)C=CC12COC(C)(C)C1C(O)C(OC(C)=O)C1(C)C2CCC2(C)C(c3ccoc3)OC(=O)C3OC321,0
COc1ccc2cc(CCC(C)=O)ccc2c1,0
Cc1nc2cc(C(=O)N3CCC4(CC3)CC(=O)c3c(cnn3C(C)C)C4)ccc2[nH]1,0
CC(=O)OC12COC1CC(O)C1(C)C(=O)C(O)C3=C(C)C(OC(=O)C(O)C(NC(=O)OC(C)(C)C)c4ccccc4)CC(O)(C(OC(=O)c4ccccc4)C21)C3(C)C,0
C=CC1C(OC2OC(CO)C(O)C(O)C2O)OC=C(C(=O)OC)C1CC=C(C=O)C1C(C(=O)OC)=COC(OC2OC(CO)C(O)C(O)C2O)C1C=C,0
FC(F)(F)c1cc(C(F)(F)F)c2ccc3nc(-c4nnco4)cn3c2n1,0
CC(C)(O)C=CC(=O)C(C)(O)C1C(O)CC2(C)C3CC=C4C(C=C(O)C(=O)C4(C)C)C3(C)C(=O)CC12C,0
Nc1nc(N)nc(-c2cc(Cl)ccc2Cl)n1.O=C(O)C=CC(=O)O,0
CC=C(C)C1C=CC2CC(C)CC(C)C2C1C(=O)C1=C(O)C(CC(C)(O)C(=O)O)NC1=O,0
Cc1cc(N2CCN(C(=O)Oc3ccc(-c4ccccc4)cn3)CC2)c2ccccc2n1,1
CC(C)C(=O)c1c(C(C)C)nn2ccccc12,0
Cl.Cl.OCCN1CCN(CCCN2c3ccccc3C=Cc3ccccc32)CC1,0
CN(C)c1cccc(Oc2cnc(Nc3cccc(O)c3)nc2)c1,0
NC(=O)CCCCC1CCSS1,0
CCCCOC(=O)NC(=O)C1c2ccccc2Oc2ccccc21,0
CN[S+](=O)([O-])CC1CCC(N(C)c2ncnc3[nH]ccc23)CC1,0
O=C(NCC1CN(c2ccc(N3CCOCC3=O)cc2)C(=O)O1)c1ccc(Cl)s1,0
Cc1c(-c2c(-c3ccc(F)o3)sc3ncnc(OC(Cc4ccccc4OCc4ccnn4CC(F)(F)F)C(=O)O)c23)ccc(OCCN2CCN(C)CC2)c1Cl,0
O=C1NC(=O)C(c2ccccc2)(c2ccccc2)N1,0
COC1CC(=O)C23C(=O)NC(Cc4c[nH]c5ccccc45)C2C(C)C2(C)OC2C3C=CCC(C)CC1O,0
Cc1ccc(C)c(-c2cc(C(F)(F)F)nn2-c2ccc([S+](N)(=O)[O-])cc2)c1,0
C[n+]1ccccc1C=NO.[Cl-],0
Fc1ccc(C(OCCN2CCN(CCCc3ccccc3)CC2)c2ccc(F)cc2)cc1,0
COC(=O)CC(C)(O)CC(=O)OCc1ccc(OC2OC(CO)C(O)C(O)C2O)cc1,0
CCC(C)C(NC(=O)C(Cc1ccc(O)cc1)NC(=O)C(NC(=O)C(CCCN=C(N)N)NC(=O)C(N)CC(=O)O)C(C)C)C(=O)NC(Cc1cnc[nH]1)C(=O)N1CCCC1C(=O)NC(Cc1ccccc1)C(=O)O,0
CC(=O)Cc1cc(=O)c2c(C)cc(O)c(C3OC(CO)C(O)C(O)C3O)c2o1,0
CC=CCC(C)C(=O)C1C(=O)NC(C(C)C)C(=O)N(C)CC(=O)N(C)C(CC(C)C)C(=O)NC(C(C)C)C(=O)N(C)C(CC(C)C)C(=O)NC(C)C(=O)NC(C)C(=O)N(C)C(CC(C)C)C(=O)N(C)C(CC(C)C)C(=O)N(C)C(C(C)C)C(=O)N1C,0
CCCOc1ccc([S+](=O)([O-])N2CCN(CCO)CC2)cc1-c1nc2c(CCC)cn(CC)c2c(=O)[nH]1,0
CC(C)(C)c1cc(NC(=O)Nc2ccc(-c3cn4c(n3)sc3cc(OCCN5CCOCC5)ccc34)cc2)no1,1
COC(=O)N1CCN(C(=O)Cc2ccc(Cl)c(Cl)c2)C(CN2CCCC2)C1,0
CC(CN1CCC(n2c(=O)[nH]c3cc(Cl)ccc32)CC1)NC(=O)c1ccc2ccccc2c1,0
CCC=CC(O)C(O)C1=C(C)C(=O)C2(O1)C(=O)NC(OC)(C(=O)c1ccccc1)C2O,0
CCCc1c(C(C)C)nc(C(C)C)c(C(C)O)c1-c1ccc(F)cc1O,0
CON=C(C(=O)NC1C(=O)N2C(C(=O)[O-])=C(C[n+]3ccn4ncccc43)CSC12)c1nsc(N)n1.Cl,0
O=C(O)c1ccccc1C(c1ccc(O)cc1)c1ccc(O)cc1,0
NCC1CCN(c2nccc(-c3ccc4ccccc4c3)n2)CC1,0
O=C(NC1CCCC(CO)C1)C1CCN(c2nc3cc(Cl)c(-c4ccc(Cl)cc4)cc3o2)CC1,0
CC(=O)OC1C(c2ccccc2)CCC(c2ccccc2)C1OC(C)=O,0
CCN1CCCC1CNC(=O)c1ccc2c(c1)NC(=O)C(=Cc1ccccc1F)S2,0
CC(C)(C)C(=O)C(Oc1ccc(Cl)cc1)n1ccnc1,0
CC1=C2C3OC(=O)C(C)C3(O)CCC2(C)CCC1=O,0
CC12CCC(O)CC1CCC1C2C(O)CC2(C)C(c3ccc(=O)oc3)CCC12O,0
CCCCCCCC(=O)O,0
N[S+](=O)([O-])c1ccc(NN=C2C(=O)Nc3ccc(Br)cc32)cc1,0
CNC1CCc2[nH]c3ccc(C(N)=O)cc3c2C1,0
CC(=O)OCC1=C(C(=O)O)N2C(=O)C(NC(=O)Cc3cccs3)C2SC1,0
CC(C)=CCCC(C)=CCCC(C)=CCCC(C)=CCCC(C)=CCCC(C)=CCCC(C)=CCCC(C)=CCCC(C)=CCO,0
CNc1ccc2oc(CC3OC4(CCC3C)OC(C(C)C(=O)c3ccc[nH]3)C(C)CC4C)nc2c1C(=O)O,0
C=C1CCC2C(C)(C)CC(O)CC2(C)C1CCC(C)CC(=O)O,0
COc1ccc(CCCN2CCC(COC(c3ccccc3)c3ccccc3)CC2)cc1,1
C=C(C)C1CCC2(C(=O)O)CCC3(C)C(CCC4C5(C)CCC(OC(=O)CC(C)(C)C(=O)O)C(C)(C)C5CCC43C)C12,0
CC1OC(OC2C(CO)OC(OC(=O)C34CCC(C)(C)CC3C3=CCC5C6(C)CCC(OC7OCC(O)C(O)C7OC7OC(CO)C(O)C(O)C7OC7OC(C)C(O)C(O)C7O)C(C)(C)C6CCC5(C)C3(C)CC4)C(O)C2O)C(O)C(O)C1O,0
CCCCCCCCCCCCCCCC[n+]1ccccc1.[Br-],0
COc1cc(CNC(=O)CCCCC=CC(C)C)ccc1O,0
CN(C(=O)c1c(O)c2ccccc2n(C)c1=O)c1ccccc1,0
NCC1OC(OC2C(N)CC(N)C(OC3OC(CO)C(O)C(N)C3O)C2O)C(N)CC1O,0
CCN(Cc1ccccc1)C(=O)Cn1c(=O)n(C)c2cnc(-c3ccccc3)nc21,0
COc1c(C(C)C)cc2c(c1O)C1(C(=O)O)CCCC(C)(C)C1CC2,0
CCOc1cc(C(C)(C)C)ccc1C1=NC(C)(c2ccc(Cl)cc2)C(C)(c2ccc(Cl)cc2)N1C(=O)N1CCN(CCC[S+](C)(=O)[O-])CC1,0
Cc1cc(C(C)Nc2ccccc2C(=O)O)c2nc(N3CCOCC3)cc(=O)n2c1,0
Cc1cn(C2OC(CO)C(O)C2F)c(=O)[nH]c1=O,0
CNC1CCC(N(Cc2cccc(-c3ccncc3)c2)C(=O)c2sc3c(F)ccc(F)c3c2Cl)CC1,0
CC(OC1OCCN(CC2=NC(=O)N=N2)C1C1CCC(F)CC1)c1cc(C(F)(F)F)cc(C(F)(F)F)c1,0
CCC(=O)c1ccc(O)cc1,0
COC(C(=O)C(O)C(C)O)C1Cc2cc3cc(OC4CC(OC5CC(O)C(OC)C(C)O5)C(OC(C)=O)C(C)O4)c(C)c(O)c3c(O)c2C(=O)C1OC1CC(OC2CC(OC3CC(C)(O)C(OC(C)=O)C(C)O3)C(O)C(C)O2)C(O)C(C)O1,0
S=c1[nH]cnc2nc[nH]c12,0
COC(=O)C1(Cc2ccc(O)cc2)OC(=O)C(OC)=C1c1ccc(O)cc1,0
CC12CCC3C4CCC(=O)C=C4CCC3C1CCC2OC(=O)CCc1ccco1,0
CC1=CC(C)CC=CC2C3OC3(C)C(C)C3C(Cc4c[nH]c5ccccc45)NC(=O)C23C(=O)C=CC(=O)C1O,0
CC1=CC23C(COC(=O)C2(O)CO)C(C(=O)O)=CC3C1C,0
COc1cc(NS(=O)(=O)c2ccc(N)cc2)nc(OC)n1,0
C=C1COC2(OC3CC4C5CC=C6CC(O)CC(OC7OCC(O)C(OC8OCC(O)C(O)C8O)C7OC7OC(C)C(OC(C)=O)C(OC(C)=O)C7OC(C)=O)C6(C)C5CCC4(C)C3C2C)C(O)C1OC1OC(C)C(O)C(O)C1O,0
Oc1ccc(C=Cc2cc(O)cc(O)c2)cc1,0
C=CC1(C)CCC2C(=CCC3C(C)(C(=O)O)CCCC23C)C1,0
O=[Mo](=O)([O-])[O-],0
CC(C=CC1(O)C(C)CC(O)CC1(C)C)OC1OC(CO)C(O)C(O)C1O,0
Nc1ccc(S(=O)(=O)c2ccc(N)cc2)cc1,0
CC1CCC2(C(=O)OC3OC(COC4OC(CO)C(OC5OC(C)C(O)C(O)C5O)C(O)C4O)C(O)C(O)C3O)CCC3(C)C(=CCC4C5(C)CC(O)C(O)C(C)(CO)C5CCC43C)C2C1C,0
O=C(Oc1ccccc1C(=O)O)c1ccccc1O,0
CN(C)CCc1c[nH]c2ccc(CN3CCN(C)[S+]3(=O)[O-])cc12,0
Nc1nc(F)nc2c1ncn2C1OC(COP(=O)(O)O)C(O)C1O,0
C=CC(C)(O)CCC1C(C)(O)CCC2C(C)(C)CCCC21C,0
Cc1noc(C)c1-c1ccc(-c2cc(C(N)=O)c(NC(N)=O)s2)c(OC2CCNC2)c1,0
COc1ccc2c(c1OC)CN1CCc3cc4c(cc3C1C2)OCO4,0
NC(=O)c1cccc(-c2cc(Nc3ccc(OC(F)(F)F)cc3)ncn2)c1,0
CC=C(C)C(=O)OC1C(OC(C)=O)C23C(O)OC4(CCC5C6(C)CCC(OC7OC(C(=O)O)C(O)C(OC8OC(CO)C(O)C(O)C8OC8OC(C)C(O)C(O)C8OC8OCC(O)C(O)C8O)C7OC7OC(CO)C(O)C(O)C7O)C(C)(C)C6CCC5(C)C4(C)CC2OC(C)=O)C3CC1(C)C,0
CC(C=CC1(O)C2(C)COC1(C)CC(OC1OC(CO)C(O)C(O)C1O)C2)=CC(=O)O,0
C=C1C(OC(C)=O)C(OC(=O)C(C)CC)C(=O)C(C)(C)C=CC(C)C(=O)C2(OC(C)=O)CC(C)(OC(C)=O)C(OC(C)=O)C2C1OC(C)=O,0
Cc1c(NC(=O)c2ccc(C(C)(C)C)cc2)cccc1-c1cn(C)c(=O)c(Nc2ccc(C(=O)N3CCOCC3)cc2)n1,0
CC(C)OP(=O)(F)OC(C)C,0
c1ccc(-c2ccc(CNc3nc(-c4ccccn4)nnc3-c3ccccc3)cc2)cc1,1
CN1C(=O)C(Cc2ccc3ccccc3c2)NC(=C2C=CC(=O)C=C2)c2cc(Cl)ccc21,0
Cl.OC(CNCC(O)C1CCc2cc(F)ccc2O1)C1CCc2cc(F)ccc2O1,0
COC(=O)C1=COC(OC2OC(CO)C(O)C(O)C2O)C2C1C(O)C(O)C2(C)O,0
COC(=O)C(OC(C)=O)C1C(C)(C)C(=O)C2CC3=C4CC(=O)OC(c5ccoc5)C4(C)CCC3C1(C)C2=O,0
Cc1cc(O)c(-c2ccc(C(C)CN(C)C)cc2)c2c1[nH]c(=O)c1sccc12,0
COc1cc(C)[nH]c(=O)c1CNC(=O)c1c(C)n(C(C)C2CCN(CC(F)(F)F)CC2)c2ccccc12,0
Cn1cc([S+](=O)([O-])c2ccc(Cl)cc2)c2cccc(N3CCNCC3)c21,0
OCC1OC(n2cnc3c(NCc4ccc(O)cc4)ncnc32)C(O)C1O,0
COc1cc(C2Oc3c(OC)cc(CCCO)cc3C2CO)ccc1OC1OC(C)C(O)C(O)C1O,0
CC(C)CC(NC(=O)C(Cc1c[nH]c2ccccc12)NC(=O)C(Cc1ccc(O)cc1)NC(=O)C(CO)NC(=O)C(Cc1c[nH]c2ccccc12)NC(=O)C(Cc1cnc[nH]1)NC(=O)C1CCC(=O)N1)C(=O)NC(CCCNC(=N)N)C(=O)N1CCCC1C(=O)NCC(N)=O,0
CC=CC=CC1OC(O)(C(CC)C(=O)NCC=CC=C(C)C(OC)C(C)C2OC(C=CC=CC=C(C)C(=O)c3c(O)ccn(C)c3=O)C(O)C2O)C(O)C(O)C1(C)C,0
NC(CO)C(=O)O,0
O=[S+]([O-])(O)c1ccccc1,0
COc1cc2nc(C3CC3)nc(N3CCN(c4ccccc4OC)CC3)c2cc1OC,0
CN(C)CCCNc1nc(CN2CCN(C(c3ccc(Cl)cc3)c3ccc(Cl)cc3)CC2)nc2ccccc12,0
COC1=CC(=O)OC(C=Cc2ccccc2)C1,0
COc1ccc2c(c1)c(C1=C(c3c[nH]c4ccccc34)C(=O)NC1=O)cn2CCCN(C)C,0
Cc1n[nH]c2ncc(C(=O)N3CCCC3c3ccc(Cl)cc3)cc12,0
Cc1cc(C)nc(SCC(=O)Nc2ncc(Cc3cccc4ccccc34)s2)n1,0
CCOC(=O)c1ccc(-c2ccc(OC(=O)N(C)Cc3cccc(-c4ccncc4)c3)cc2)cc1,0
Cc1cc(C2CCCCC2)n(O)c(=O)c1.NCCO,0
CCCCCOc1cc2c(cc1-c1cc(C=CC(=O)O)ccc1O)C(C)(C)CCC2(C)C,1
Cc1nc(C#Cc2ccnc(Cl)c2)c(C)n1-c1ccc(F)cc1,0
FC(F)(F)c1ccccc1-c1cc(C(F)(F)F)c2[nH]c(C3=NOC4(CCCCC4)C3)nc2c1,0
FC(F)c1nc2ccccc2n1-c1nc(N2CCOCC2)nc(N2CCOCC2)n1,0
Cc1ccccc1O,0
CCN1CCN(C2(C(=O)NCCc3ccccc3)Cc3ccccc3C2)CC1,0
COc1cc(C=CC(=O)OC2C(OC(=O)C=Cc3cc(OC)c(O)c(OC)c3)OC(COC3OC(CO)C(O)C(O)C3O)C(O)C2O)ccc1O,0
CC1C2CCC3C4CC=C5CC(N(C)C)CCC5(C)C4CCC32CN1C,0
COc1cc(C=CC(=O)OC2CC3C(C(=O)O)=COC(OC4OC(CO)C(O)C(O)C4O)C3C2C)ccc1O,0
CN(Cc1cccs1)c1ncnc2ccc(-c3ccc4c(c3)OCO4)cc12,0
CC=CC=CC(=O)C1=C(O)C2(C)C(=O)C(C)(O)C1C(C1(C)OC(=O)C(C)=C1O)C2C(=O)CCC=CC,0
COc1ccc2c(c1)c(CC(=O)OCC=C(C)CCC=C(C)CCC=C(C)C)c(C)n2C(=O)c1ccc(Cl)cc1,0
C=C1C2(C=CC(=O)OC2(C)C)CCC2(C)C13OC14C(=O)OC(C)(C(=C)C12C(=O)OC4C)C3O,0
O=C(CN1C2=NCCN2c2ccccc21)c1ccc(-c2ccccc2)cc1,0
C=C(C(=O)O)C1CC=C(CCC(C)=O)C(C)CC1,0
COC1C(O)C(C)OC(OC2CCC3(C=O)C(CCC4C3CCC3(C)C(C5=CC(=O)OC5)CCC43O)C2)C1O,0
CC1=C2CC(O)(C(C)(C)O)C(OC3OC(CO)C(O)C(O)C3O)CC(C)C2CC1=O,0
CC(=O)Nc1ccc(OC(=O)c2ccccc2OC(C)=O)cc1,0
O=C(CCCCC(=O)Nc1c(I)cc(I)c(C(=O)O)c1I)Nc1c(I)cc(I)c(C(=O)O)c1I,0
Nc1ccc([As](=O)(O)O)cc1,0
Cc1cc(Nc2ncc3c(n2)N(C)C(=O)N(c2cc(NC(=O)c4cccc(C(F)(F)F)c4)ccc2C)C3)n(C)n1,0
COc1cc(C=CC(=O)OC2C3C=COC(OC4OC(CO)C(O)C(O)C4O)C3C3(CO)OC23)ccc1O,0
CC(O)C1C(=O)N2C(C(=O)O)=C(SC3CNC(CNS(N)(=O)=O)C3)C(C)C12,0
CC1CCCCN1[S+](=O)([O-])c1ccc(N2CCCC2=O)cc1,0
CC(C)Nc1nc(Nc2ccccc2)nc(-c2ccccc2)n1,0
CCN(CC)CCNc1ccc2ncn3c4ccc(O)cc4c(=O)c1c23,0
COc1ccc([S+](=O)([O-])NC(CNc2nc(C)nc(N3CCC(c4ccc5c(n4)NCCC5)CC3)c2C)C(=O)O)cc1,0
CC1(C)CC2C(O)c3cocc3CC(C)(O)C2C1,0
O=C(NCc1ccco1)c1ccc2c(c1)N(Cc1c(F)cccc1Cl)C(=O)CS2,0
COc1cc(CO)ccc1OC1OC(CO)C(O)C(O)C1O,0
CC(=O)OC1C(O)CC(OC2OC(CO)C(O)C(O)C2O)C2CCC3C(=O)OC(c4ccoc4)CC3(C)C21,0
N#Cc1cn(C2OC(CO)C(O)C2O)c2ncnc(N)c12,0
O=[N+]([O-])c1nccn1COC(CO)C(O)CO,0
CC(C)=CCCC1(C)C=Cc2c(O)c3c(c(CC=C(C)C)c2O1)OC12C(=CC4CC1C(C)(C)OC2(CC=C(C)C(=O)O)C4=O)C3=O,0
CC(C)(O)C1CCC2(CO)C(O)CCC(C)(O)C2C1OC1OC(CO)C(O)C(O)C1O,0
CCCCCOc1ccc(-c2ccc(-c3ccc(C(=O)NC4CC(O)C(O)NC(=O)C5C(O)C(C)CN5C(=O)C(C(C)O)NC(=O)C(C(O)C(O)c5ccc(O)cc5)NC(=O)C5CC(O)CN5C(=O)C(C(C)O)NC4=O)cc3)cc2)cc1,1
CC1CC(O)C=CC(O)C(O)CC(=O)Cc2c(Cl)c(O)cc(O)c2C(=O)O1,0
C=CCN(C=C1C(=O)OC(COC)C2(C)C1=C(O)C(=O)C1=C2C(OC(C)=O)CC2(C)C(=O)CCC12)CC=C,0
OCC1OC(OC2OC=CC3C(O)C4OC4(CO)C23)C(O)C(O)C1O,0
C[N+]1(C)CCCC(OC(=O)C(O)(c2ccccc2)c2ccccc2)C1.[Br-],0
CC(C)c1cc(CNc2nc(Nc3cc(C4CC4)[nH]n3)cc(N3CCN(C)CC3)n2)on1,0
NC(=O)c1ccc(N(C(N)=O)c2c(F)cccc2F)nc1-c1ccc(F)cc1F,0
CC(N)C(=O)O,0
CC(=O)OCC1OC(OC2(CO)OC(CO)C(OC(=O)C=Cc3ccccc3)C2O)C(O)C(O)C1O,0
CC12C(=O)OC(=O)C1(C)C1CCC2O1,0
Cc1ccc(N[S+](=O)([O-])c2cc3c(cc2NC(C)CO)NC(=O)CC3)cc1Cl,0
CC(=O)CCCCn1c(=O)c2c(ncn2C)n(C)c1=O,0
CCOP(=O)(Cc1ccc(C(=O)Nc2ccc(Br)cc2C#N)cc1)OCC,0
CC(=O)OC1CCC2(C)C(CCC3(C)C4Cc5c(oc(C)cc5=O)OC4(C)CCC32)C1(C)C,1
Cn1ncnc1C1c2n[nH]c(=O)c3cc(F)cc(c23)NC1c1ccc(F)cc1,0
CCN(c1cc(-c2ccc(CN3CCOCC3)cc2)cc(C(=O)NCc2c(C)cc(C)[nH]c2=O)c1C)C1CCOCC1,0
Cc1cccc(N2CCN(C(=O)c3cc([S+](=O)([O-])N(C)C)ccc3N3CCCC3)CC2)c1C,0
CCC(C)C=C(C)C=CC1=CC2=C(Cl)C(=O)C(C)(OC(C)=O)C(=O)C2=CO1,0
CC1=CC(O)C2C(C)(C)CCCC2(C)C1(O)CO,0
COC1CC(OC2CCC3(C)C(=CCC4(O)C3C(O)C(O)C3(C)C(C(C)O)CCC43O)C2)OC(C)C1OC1CC(OC)C(OC2CC(OC)C(OC3OC(C)C(OC4OC(CO)C(O)C(O)C4O)C(OC)C3O)C(C)O2)C(C)O1,0
CC(CCC1(O)OC2CC3C4CC=C5CC(OC6OC(CO)C(OC7OC(C)C(O)C(O)C7O)C(O)C6OC6OC(C)C(O)C(O)C6O)CCC5(C)C4CCC3(C)C2C1C)COC1OC(CO)C(O)C(O)C1O,0
Cc1nn(C)c2c1C(c1ccc(C(F)(F)F)cc1)C(C#N)=C(N)O2,0
CC1(C)CCC(c2ccc(Cl)cc2)=C(CN2CCN(c3ccc(C(=O)N[S+](=O)([O-])c4ccc(NC(CCN5CCOCC5)CSc5ccccc5)c([S+](=O)([O-])C(F)(F)F)c4)cc3)CC2)C1,0
CCCCC(=O)O,0
COc1ccc(Cc2nccc3cc(OC)c(OC)cc23)cc1OC,0
C=CCNc1c(O)cc2c(O)c1CC(C)CC(OC)C(O)C(C)C=C(C)C(OC(N)=O)C(OC)C=CC=C(C)C(=O)N2,0
CC1(CO)CCCC2(C)C1C(OC(=O)c1ccccc1)C=C1C(=O)OCC12O,0
O=C(NCCN1CCOCC1)c1cc2c(Oc3ccc(NC(=O)C4(C(=O)Nc5ccc(F)cc5)CC4)cc3)ccnc2[nH]1,0
CC(C)CC(=O)OC1OC=C(COC2OC(COC3OC(CO)C(O)C(O)C3O)C(O)C(O)C2O)C2CC(O)C(CO)C12,0
Cl.Cl.c1ccc(CNCCNCc2ccccc2)cc1,0
CC1(C)C2CCC1(C)C(OC(=O)CSC#N)C2,0
COc1cc(C(=O)N[S+](=O)([O-])c2ccccc2C)ccc1Cc1cn(C)c2ccc(NC(=O)OC3CCCC3)cc12,0
CC1OC(OC2C=C3CCC4C(CCC5(C)C(c6ccc(=O)oc6)CCC45O)C3(C)CC2)C(O)C(O)C1O,0
CC1NC(=O)CNC(=O)C(C(C)C)NC(=O)C2CCCN2C(=O)C(C(C)C)NC(=O)C(Cc2c[nH]c3ccccc23)NC1=O,0
CC1C(O)C(O)C2C(C(=O)OCCc3ccc(O)cc3)=COC(OC3OC(CO)C(O)C(O)C3O)C12,0
Cc1nnc2n1-c1sc(CCc3ccc(CC(C)C)cc3)cc1C(c1ccccc1Cl)=NC2C,0
COc1cc(C)c(C(=O)OC2C(O)C(CO)OC2n2ccc(=O)[nH]c2=O)c(OC)c1,0
C=C1C(O)CC2C(C(=O)O)=COC(OC3OC(COC(=O)C=Cc4cc(OC)c(O)c(OC)c4)C(O)C(O)C3O)C12,0
O=NN(CCCl)C(=O)NCCCl,0
CCCN(CCC)C1CCc2ccc3[nH]c(C#N)cc3c2C1,0
COc1cccc(OC)c1-c1ccc(CC(NC(=O)c2c(Cl)cccc2Cl)C(=O)O)cc1,0
CC12CCC3C4CCC(=O)C=C4CCC3C1CCC2OC(=O)CCC1CCCCC1,0
CC1C(O)C(O)C2C3(C)C(OC(=O)C13)C(O)C1C(C)(O)C=CC(OC3OC(CO)C(O)C(O)C3O)C12C,0
CC(=O)NCCCS(=O)(=O)[O-],0
CC(C)c1ccc2c(c1)C(O)CC1C(C)(C(=O)O)CCCC21C,0
NC(=O)c1ncn(C2OC(CO)C(O)C2O)c1O,0
CCc1c[nH]c2ncnc(N3CCC(N)(CNC(=O)c4ccc(F)cc4F)C3)c12,0
COc1ccc([S+](=O)([O-])Nc2cccnc2Nc2ccc(O)cc2)cc1,0
FC(CN1CCNCC1)Cn1c2ccc(Br)cc2c2cc(Br)ccc21,0
CCOC(=O)Oc1c(OC)cc(C(=O)OC2CC3CN4CCc5c([nH]c6cc(OC)ccc56)C4CC3C(C(=O)OC)C2OC)cc1OC,0
CC(=O)OC1C(CO)OC(OC2C(OC(=O)C34CCC(C)(C)CC3C3=CCC5C6(C)CCC(OC7OC(C(=O)O)C(O)C(OC8OCC(O)C(O)C8O)C7OC7OC(CO)C(O)C(O)C7O)C(C)(C=O)C6CCC5(C)C3(C)CC4O)OC(C)C(OC3OC(C)C(OC4OCC(O)C(O)C4O)C(O)C3O)C2O)C(O)C1O,0
CC1(CO)CCCC2(C)C1C(OC(=O)c1ccccc1)CC1C(=O)OCC12O,0
C=C1CCC2(C(=O)OC3OC(CO)C(O)C(O)C3O)CCC3(C)C(=CCC4C5(C)CCC(OC6OC(CO)C(OC7OC(C)C(O)C(O)C7O)C(OC7OCC(O)C(O)C7O)C6O)C(C)(C)C5CCC43C)C2C1,0
O=C(Cn1cnnn1)NC1C(=O)N2C(C(=O)[O-])=C(CSc3nncs3)CSC12.[Na+],0
c1ccc(-c2oc3ncnc(NCC4CCCO4)c3c2-c2ccccc2)cc1,0
CN(C)NC(=O)CCC(=O)O,0
CC(C)CC(N)C(=O)O,0
COCCOC(=O)C1=C(C)NC(C)=C(C(=O)OCC=Cc2ccccc2)C1c1cccc([N+](=O)[O-])c1,0
COC1=CC23CCCN2CCc2cc4c(cc2C3C1O)OCO4,0
O=C(O)CCCCCCCCC(=O)O,0
CC(CN1c2ccccc2Sc2ccccc21)N(C)C,0
CC1CCC(C(=O)N(c2cc(C#CC(C)(C)C)sc2C(=O)O)C2CCC(O)CC2)CC1,0
O=C(C=Cc1ccc(O)cc1)OCC1OC(OC2(CO)OC(CO)C(O)C2O)C(O)C(O)C1O,0
CC=C1C(OC2OC(CO)C(O)C(O)C2O)OC=C(C(=O)OC)C1CC(=O)OCC1OC(OCCc2ccc(O)cc2)C(O)C(O)C1O,0
CCC(C)C=C(C)C=CC1=CC2=C(Cl)C(=O)C(C)(OC(C)=O)C(=O)C2=CN1C1CCCCN(C(CCC(N)=O)C(=O)O)C1=O,0
OCC1=CC(O)C2C=COC(OC3OC(CO)C(O)C(O)C3O)C12,0
CCN(CC)CCOc1ccc2c(c1)C(=O)c1cc(OCCN(CC)CC)ccc1-2,1
Cc1cc(SCc2sc(-c3ccc(C(F)(F)F)cc3)nc2C)ccc1OCC(=O)O,0
CC(c1cc2ccccc2s1)N(O)C(N)=O,0
CC1OC(OC2CCC3(C)C(CCC4C3CC(O)C3(C)C(C5=CC(=O)OC5)CCC43O)C2)CC(O)C1OC1CC(O)C(OC2CC(O)C(OC3OC(CO)C(O)C(O)C3O)C(C)O2)C(C)O1,0
COc1ccc2[nH]cc(CCNC(C)=O)c2c1,0
CN1c2ccccc2C(=O)N2CCC3c4ccccc4NC3C21,0
O=C(Nc1ccc2[nH]nc(-c3ccncc3)c2c1)C1CCN(CC(=O)N2CCN(c3ccc(-c4ncccn4)cc3)CC2)C1,0
CCN1C(=O)c2ccccc2C1Nc1ccc(OCCN2CCCCC2)cc1,0
CC1CCC2(O1)C(C)(C)CC(OC1OC(COC3OCC(O)(CO)C3O)C(O)C(O)C1O)CC2(C)O,0
CCC1(c2ccc(N)cc2)CCC(=O)NC1=O,0
CC(=O)OCC12C(O)CC3(C)C(=CCC4C5(C)CCC(OC6OC(C(=O)O)C(OC7OC(CO)C(O)C(O)C7O)C(O)C6OC6OC(CO)C(O)C(O)C6O)C(C)(CO)C5CCC43C)C1CC(C)(C)C(OC(C)=O)C2O,0
O=C(C=Cn1cnc(-c2cc(C(F)(F)F)cc(C(F)(F)F)c2)n1)NNc1cnccn1,0
CC(CCC(=O)O)C1CCC2C3C(O)CC4CC(O)CCC4(C)C3CC(O)C12C,0
CC=C(C=C(C)C=CC=CC=C(C)C(=O)C12OC1C(O)(CCO)NC2=O)C(=O)OC,0
CCC(C(=O)[O-])C1CCC(C)C(C(C)C(O)C(C)C(=O)C(CC)C2OC3(C=CC(O)C4(CCC(C)(C5CCC(O)(CC)C(C)O5)O4)O3)C(C)CC2C)O1,0
CC1CCC2C(=CCC(O)C2(C)C)C1(C)Cc1c(O)cc(CO)c(C=O)c1O,0
CC1CCCC(C)N1C(=S)Nc1cccc(C(F)(F)F)c1,0
COc1cc2c(cc1OC)CN(CCc1ccc(NC(=O)c3cccc4c(=O)c5cccc(OC)c5[nH]c34)cc1)CC2,0
Cc1cc(-c2ccc(N=Nc3c(S(=O)(=O)[O-])cc4cc(S(=O)(=O)[O-])cc(N)c4c3O)c(C)c2)ccc1N=Nc1c(S(=O)(=O)[O-])cc2cc(S(=O)(=O)[O-])cc(N)c2c1O,0
CC(=O)N1CCN(c2ccc(OCC3COC(Cn4ccnc4)(c4ccc(Cl)cc4Cl)O3)cc2)CC1,0
O=C(O)c1ccnc2cc(C(OCCN3CCCCC3)c3ccccc3Cl)[nH]c12,0
Cc1[nH]c2c(C#N)cnn2c(=O)c1C(C)C,0
C[n+]1cc(NC(=O)c2cccc(C(=O)Nc3cc4ccccc4[n+](C)c3)n2)cc2ccccc21,0
COc1ccc(-c2oc3c(CC=C(C)C)c(OC4OC(CO)C(O)C(O)C4O)cc(O)c3c(=O)c2OC2OC(C)C(O)C(O)C2O)cc1,0
CCCCOc1ccc(CC(=O)NO)cc1,0
COc1ccc2c(c[n+](C)c3c4cc5c(cc4ccc23)OCO5)c1OC,0
CS(=O)(=O)O.Cc1c(O)cccc1C(=O)NC(CSc1ccccc1)C(O)CN1CC2CCCCC2CC1C(=O)NC(C)(C)C,0
CC1(C)CCC2=C(O1)c1ccccc1C(=O)C2=O,0
O=C([O-])CCCC=CCC1C(O)CC(O)C1C=CC(O)COc1cccc(Cl)c1,0
Cc1ncc(C[n+]2csc(CCOP(=O)(O)OP(=O)(O)O)c2C)c(N)n1,0
CC1=C(C(=O)OC2OC(COC3OC(CO)C(O)C(O)C3O)C(O)C(O)C2O)C(C)(C)CCC1,0
CC1(C)CCC2(COC3OC(CO)C(O)C(O)C3O)C(O)CC3(C)C(=CCC4C5(C)CCC(OC6OC(COC7OC(COC8OCC(O)C(O)C8O)C(O)C(O)C7O)C(O)C(O)C6O)C(C)(C)C5CCC43C)C2C1,0
COCCCN1CCC(NC(=O)c2cc(Cl)c(N)c3c2OCC3)CC1,0
C=C1CCCC2(C)C=C3OC(=O)C(C)=C3CC12,0
Fc1ccc(-c2c3cccc(C(F)(F)F)c3nn2Cc2ccc(F)cc2Cl)cc1,0
Cc1nc2c(-c3cnc(N)nc3)nc(N3CCOCC3)nc2n1C(C)C,0
C=C1CCC2(OC1)OC1CC3C4CC=C5CC(OC6OC(C)C(O)C(O)C6O)CC(OC6OC(C)C(O)C(O)C6OC6OC(C)C(O)C(O)C6O)C5(C)C4CCC3(C)C1C2C,0
CCOC(=O)N1CCC(CN(Cc2ccc(Cl)cc2)Cc2ccc([N+](=O)[O-])s2)C1,0
CC1OC(OC2C(OC3C(OC4CCC5(CO)C(CCC6(C)C5CC=C5C7CC(C)(C)CC(O)C7(C)CCC56C)C4(C)C)OC(C(=O)O)C(O)C3O)OCC(O)C2O)C(O)C(O)C1O,0
CCOc1ccc2c3c1OC1C(O)C=CC4C(C2)N(C)CCC341,0
CCC(=C(c1ccccc1)c1ccc(OCCN(C)C)cc1)c1ccccc1,1
CCN(c1cc(C#CCN2CCOCC2)cc(C(=O)NCc2c(C)cc(C)[nH]c2=O)c1C)C1CCC(N(C)CCOC)CC1,0
CC(C)c1cccc2c(-c3ccccc3)cc(-c3ccc(-c4ccc(C(=O)O)cc4)[nH]3)nc12,0
O=[S+]([O-])(c1ccc(Cl)cc1)N1CCN(c2ccnc3cc(Cl)ccc23)CC1,0
O=C(Oc1cccc2cccnc12)c1ccccc1,0
CC(=O)NC1C(NC(=N)N)C=C(C(=O)O)OC1C(O)C(O)CO,0
O=C([O-])c1cc(O)c2c3nc4ccccc4oc-3cc(=O)c2n1,0
NCC1OC(OC2C(N)CC(N)C(O)C2OC2OC(CO)C(O)C2O)C(N)C(O)C1O.O=S(=O)(O)O,0
C=C(C)C1CCC(C)(O)C(OC(=O)c2ccccc2)C1,0
OCC(O)COc1ccc(Cl)cc1,0
CCN(CC)CCOC(=O)C1(C2CCCCC2)CCCCC1,0
CCNC(=O)NCCCOc1cccc(CN2CCCCC2)c1,0
CCC(C)C(C(CC(=O)N1CCCC1C(OC)C(C)C(=O)NC(Cc1ccccc1)c1nccs1)OC)N(C)C(=O)C(NC(=O)C(C(C)C)N(C)C)C(C)C,0
Cc1cn2cc(CC(=O)N3CCC4(CC3)CN(Cc3ccc(-n5nccn5)cc3Cl)C4)nc2s1,0
COc1cc(C(C)=O)ccc1OCCCN1CCC(c2noc3cc(F)ccc23)CC1,0
COC(=O)CCC(C)C1CCC2C3CC(=O)C4CC(OC(C)=O)CCC4(C)C3CCC12C,0
OC1CCC(C(O)CC2c3c(F)cccc3-c3cncn32)CC1,0
COc1cc2c3c(n(CCCn4ccnc4)c(=O)c2cc1OC)-c1cc2c(cc1C3=O)OCO2,0
C=CCN1CCC23c4c5ccc(O)c4OC2C(=O)CCC3(O)C1C5,0
O=C(O)c1cn(-c2ccc(F)cc2)c2cc(N3CCNCC3)c(F)cc2c1=O,0
COc1ccccc1C(=O)Nc1cc2c(cc1N1CCCC1)n(C)c(=O)n2C,1
CC1(C)CCC2(C(=O)OC3OC(CO)C(O)C(O)C3O)CCC3(C)C(=CCC4C5(C)CC(O)C(O)C(C)(CO)C5C(O)CC43C)C2C1,0
CN(C)CC=CC(=O)Nc1cccc(C(=O)Nc2cccc(Nc3ncc(Cl)c(-c4c[nH]c5ccccc45)n3)c2)c1,0
CCC(=O)NC1CCC(C(=O)N(C)c2ccc(-c3nc4ccccc4o3)cc2)C1,0
O=C(NCc1c(F)cc(F)cc1F)c1cn2c(c(O)c1=O)C(=O)N1C3CCC(C3)OC1C2,0
NCCC(O)(P(=O)(O)O)P(=O)(O)O,0
N=C(N)NN.N=C(N)NN.O=S(=O)(O)O,0
CON=C(C(=O)NC1C(=O)N2C(C(=O)[O-])=CCSC12)c1csc(N)n1,0
NCCOCCOCCNC(=O)Cc1ccc(Nc2nc(NCc3ccc(F)cc3)nc(NCC3CCCCC3)n2)cc1,0
CC(NCCCc1cccc(C(F)(F)F)c1)c1cccc2ccccc12,0
CC(C(=O)O)c1ccc(C=C2CCCCC2=O)cc1,0
O=C(CCCCCCSc1ccc2ccccc2c1)NO,0
CON(C)C(=O)C(O)C(Cc1ccccc1)NC(=O)c1cc2cc(Cl)ccc2[nH]1,0
CCCCCCCCCCCCCC#CC(=O)C1COC(C)(C)N1C(=O)OC(C)(C)C,0
COc1cc2nc(N3CCN(C(=O)C4CCCO4)CC3)nc(N)c2cc1OC.Cl,0
C=CC12COC(=O)C(=C)C1C(O)C(C(=C)C(=O)OC)C(O)C2,0
Cn1cc(-c2cnn3c(N)c(Br)c(C4CCCNC4)nc23)cn1,0
CC(C)C(N)C(=O)OCC(CO)OCn1cnc2c(=O)nc(N)[nH]c21,0
COc1cc(Nc2nc3ccccc3nc2N[S+](=O)([O-])c2ccc(NC(=O)c3ccc(OC)c(C)c3)cc2)cc(OC)c1,0
CC(C)C1OC(=O)C(Cc2ccccc2)N(C)C(=O)C(C(C)C)OC(=O)C(Cc2ccccc2)N(C)C(=O)C(C(C)C)OC(=O)C(Cc2ccccc2)N(C)C1=O,0
CC1CCC2(C(=O)O)CCC3(C)C(=CCC4C5(C)CC(O)C(O)C(C)(CO)C5CCC43C)C2C1(C)O,0
O=C(O)CCC=CCCC1C(OCc2ccc(-c3ccccc3)cc2)CC(O)C1N1CCCCC1,0
Cc1cccc(C(C)c2cnc[nH]2)c1C,0
CC1(C)CC2C=C(C(=O)O)C3COC(=O)C(O)(CO)C23C1,0
C=CCc1ccc(O)c(OC)c1,0
O=C(CCl)Nc1ccc([S+](=O)([O-])c2ccc(NC(=O)CCl)cc2)cc1,0
O=c1[nH]cnc2c(C3NC(CO)C(O)C3O)c[nH]c12,0
CC1=CC(=O)C2(OC3OC(C)C(O)C(O)C3O)C=COC(OC3OC(CO)C(O)C(O)C3O)C12,0
CN(C)C1(c2ccccc2)CCC2(CC1)OCCc1c2[nH]c2ccc(F)cc12,0
COc1ccnc(CCc2nc3ncccc3[nH]2)c1,0
Nc1ccc(S(=O)(=O)NC(=O)c2ccccc2)cc1,0
COc1ccc(OC)c(-c2ccc(NC(=O)c3ccncc3F)cc2)c1,0
CC1OC(OC2C(OC3C(OC4CCC5(C)C(CCC6(C)C5CC=C5C7CC(C)(C)CC(O)C7(C)CCC56C)C4(C)CO)OC(C(=O)O)C(O)C3O)OC(CO)C(O)C2O)C(O)C(O)C1O,0
CC12CCC3c4ccc(O)cc4CCC3C1CCC2O,0
CC(C)OC(=O)CCCC=CCC1C(O)CC(O)C1CCC(O)CCc1ccccc1,0
O=[S+]([O-])(CCSSCC[S+](=O)([O-])O[Na])O[Na],0
CC(C)c1cc(-c2ccc(F)c3ccccc23)nc(N)n1,0
Cc1ccccc1-n1c(Cn2ncc3c(N)ncnc32)nc2cccc(C)c2c1=O,0
CC1C(NC(=O)C(=NOC(C)(C)C(=O)O)c2csc(N)n2)C(=O)N1S(=O)(=O)O,0
C=CC(C)(O)CCC=C(C)C(=O)OC1C(CO)OC(OC(C)(C=C)CCC=C(C)C(=O)OC2OC(CO)C(O)C(O)C2O)C(O)C1OC(=O)C(C)=CCCC(C)(O)C=C,0
CCCC(=O)C1(c2ccccc2)CCN(C(=O)C(Cc2ccc(OC)cc2)NC(=O)C(N)Cc2cncn2C)CC1,0
CNC1C(OC2C(OC3C(O)C(O)C(NC(=N)N)C(O)C3NC(=N)N)OC(C)C2(O)CO)OC(CO)C(O)C1O,0
O=C(OC1C2C=COC(OC3OC(CO)C(O)C(O)C3O)C2C2(CO)OC12)c1ccccc1,0
CC(C)(C)c1ccc(-c2nc3ccccc3[nH]2)cc1,0
CCOC(=O)C1(CCc2ccccc2)CCN(Cc2ccc(NC(C)=O)cc2)CC1,0
CC(C)(C)NCC(O)COc1ccccc1OCC1CCCO1,0
CCCCCCCCCCCCCCCCCCCCCCCCCCCCO,0
CC12CCC3C4CCC(=O)C=C4CCC3C1CCC2OC(=O)CCc1ccccc1,0
Cc1ccc(C(=O)Nc2ccc(CN3CCN(C)CC3)c(C(F)(F)F)c2)cc1C#Cc1cnc2[nH]ncc2c1,0
COC1CC(OC2CCC3(C)C(CCC4C3CCC3(C)C(C5=CC(=O)OC5)CCC43O)C2)OC(C)C1O,0
O=c1ccn2c(n1)OC1C(O)C(CO)OC12,0
CC(C)(C)Sc1c(CC(C)(C)C(=O)O)n(Cc2ccc(Cl)cc2)c2ccc(OCc3ccc4ccccc4n3)cc12,0
O=C(Nc1ccn(Cc2ccc(O)cc2C(F)(F)F)n1)c1c(F)cccc1F,0
CN1C2CCC1C(C(=O)O)C(OC(=O)c1ccccc1)C2,0
OCC1OC(OC2C(OCc3ccccc3)OC(COC3OCC(O)C(O)C3O)C(O)C2O)C(O)C(O)C1O,0
O=C(CN1C(=O)C2(CCCC2)NCC1c1cc(F)cc(F)c1)Nc1ccc2c(c1)CC1(C2)C(=O)Nc2ncccc21,0
CC(=O)OC1C(OC2OC=CC3C(OC4OC(C)C(O)C(OC(C)=O)C4OC(=O)C=Cc4ccc(O)cc4)C4OC4(CO)C23)OC(CO)C(O)C1O,0
Cc1ccc(-n2nccn2)c(C(=O)N2CCN(c3nc4cc(Cl)ccc4o3)CCC2C)c1,0
CC(C)(C)NC(=O)C1CN(Cc2cccnc2)CCN1CC(O)CC(Cc1ccccc1)C(=O)NC1c2ccccc2CC1O,0
CC(C)=CCCC(C)=CCCC(C)=CCCC(=O)OCC=C(C)CCC=C(C)C,0
Nc1nc2nc[nH]c2c(=S)[nH]1,0
CC1CCCCN1CCCOC(=O)c1ccccc1.Cl,0
COc1ccc2cc1Oc1ccc(cc1)CC1c3cc(c(OC)cc3CCN1C)Oc1c(OC)c(OC)cc3c1C(C2)N(C)CC3,1
Cc1nc2ccc(CN(C)c3ccc(C(=O)NC(CCC(=O)O)C(=O)O)s3)cc2c(=O)[nH]1,0
CC1CC2C(=O)OC(C)C2C(C=Cc2ccc(-c3ccccc3C#N)cn2)C1C,0
Cc1cc2c(c(=O)[nH]1)OC(C(O)CC(C)C)O2,0
CC(C)CCNc1ncccc1C(=O)N1CCN(Cc2ccccc2)CC1,0
Cl.NCC(=O)CCC(=O)O,0
CN1CCC(=C2c3ccccc3C=Cc3ccccc32)CC1,1
CC(=O)OC1CC(O)C2(C)C(CC(OC(C)=O)C3(C)C2CCC2(C)C(c4ccoc4)C(=O)C4OC423)C1(C)C,0
CCC=CCC=CCC=CCCCCCCCC(=O)OCC(O)COC1OC(CO)C(O)C(O)C1O,0
CCC(C)C1NC(=O)C(Cc2ccc(OC)cc2)NC(=O)CCCSCC(C(=O)N2CCCC2C(=O)NC(CC(C)C)C(=O)NCC(N)=O)NC(=O)C(CC(N)=O)NC(=O)C(CCC(N)=O)NC1=O,0
COc1nc(C)nc(Cl)c1NC1=NCCN1,0
COC(=O)CC1C2(C)C3=C(C)C(c4ccoc4)CC3OC2C(OC(C)=O)C2C(C)(C(=O)OC)C=CC(=O)C21C,0
CC(=O)OC(CSC1CCC(=O)OC(C)CCC(=O)C1)C(=O)O,0
O=C(O)Cc1cccc2ccccc12,0
CCNC(=O)c1cc2c(-c3cc(OCCN4CCCC4)c(Cl)cc3Cl)nc(N)nc2s1,0
CC(C)C1C(=O)N([S+](C)(=O)[O-])C2CCN(C(=O)C=CCN3CCCCC3)C12,0
C=C1C(=O)OC2CC(C)C3CC(=O)C(C)=C3CC12,0
COC1CC(=O)CCC(C)OC(=O)CC1O,0
Cc1ccc([N+](=O)[O-])c2c1O[Hg]2,0
Cc1cccc(NC(=O)c2ccc(C(F)(F)F)cc2C(=O)O)n1,0
CC1=CCC(C(C)(C)O)CC1,0
CC(=O)Nc1nc(C)c(-c2ccc(Cl)c([S+](=O)([O-])NCCO)c2)s1,0
COC(=O)N(C)c1c(N)nc(-c2nn(Cc3ccccc3F)c3ncccc23)nc1N,0
Cc1c(F)ccc(C(=O)Nc2cc([N+](=O)[O-])ccc2N2CCN(C)CC2)c1Cl,0
C=CC(=O)N1CCCC(n2nc(-c3cccc(C(=O)Nc4ccc(C(C)C)c(C)c4)c3)c3c(N)ncnc32)C1,0
CC(=O)OC12C(O)C(C)C3(O)C4C=C(C)C(=O)C4CC(CO)=CC3C1C2(C)C,0
CC(NC(=O)c1c(N)nn2cccnc12)c1cc2cccc(C#Cc3cnn(C)c3)c2c(=O)n1-c1ccccc1,0
CC(C)NCC(C(=O)N1CCN(c2ncnc3c2C(C)CC3O)CC1)c1ccc(Cl)cc1,0
CN(C)CCOc1ccc(-c2nc(-c3ccncc3)c(-c3ccc4c(c3)CCC4=NO)[nH]2)cc1,0
OCC1OC(OCc2ccccc2)C(O)C(O)C1O,0
O=C1CC(c2ccc([N+](=O)[O-])cc2)=NN1c1ccccc1,0
COc1cc2nccc(Oc3ccc(NC(=O)c4cn(C(C)C)c(=O)n(-c5ccc(F)cc5)c4=O)cc3F)c2cc1OC,0
Oc1ccc2c3c1OC1c4[nH]c5c(N=C=S)cccc5c4CC4(O)C(C2)N(CC2CC2)CCC314,0
N#CC(=C1Nc2ccccc2S1)c1ccnc(OCc2ccc(CN3CCOCC3)cc2)n1,1
COC(=O)C1=COC(OC2OC(CO)C(O)C(O)C2O)C2C(COC(=O)C=Cc3ccc(O)cc3)C(O)C(O)C12,0
CN(C)C(=O)COC(=O)Cc1ccc(OC(=O)c2ccc(NC(=N)N)cc2)cc1.CS(=O)(=O)O,0
C=CCc1ccc(OC2OC(CO)C(O)C(O)C2O)c(OC)c1,0
CC(=O)C1(O)CCC2C3CC(C)C4=CC(=O)C=CC4(C)C3(F)C(O)CC21C,0
